OBJECTID,geoid,ZONE_CODE,COUNT,AREA,MEAN
1,17031291600,1,2198,219800,84.29156665
2,17031580200,2,7289,728900,84.61842854
3,17031590500,3,5954,595400,84.04968452
4,17031590700,4,8801,880100,84.66468246
5,17031610400,5,1600,160000,84.63310074
6,17031843800,6,13098,1309800,84.03233416
7,17031400400,7,3266,326600,82.88493184
8,17031410500,8,2633,263300,82.02879821
9,17031421200,9,3254,325400,84.4618316
10,17031834400,10,5869,586900,83.36844572
11,17031612100,11,3254,325400,82.97866726
12,17031611000,12,5705,570500,83.5263603
13,17031030104,13,1105,110500,79.12845797
14,17031010501,14,2015,201500,80.31250117
15,17031020100,15,4098,409800,81.14766827
16,17031640100,16,3072,307200,84.81447059
17,17031560700,17,6607,660700,84.89072438
18,17031170900,18,3210,321000,83.95649918
19,17031180100,19,10712,1071200,84.19489224
20,17031252000,20,6233,623300,83.91921783
21,17031252201,21,3847,384700,84.8716789
22,17031381700,22,1961,196100,83.86897267
23,17031380700,23,2424,242400,83.88548367
24,17031330200,24,7899,789900,84.00713257
25,17031340500,25,4345,434500,84.16017361
26,17031390300,26,3289,328900,83.33673437
27,17031390400,27,3257,325700,82.58137971
28,17031410100,28,2290,229000,82.50238447
29,17031240200,29,1647,164700,84.18532622
30,17031832600,30,7201,720100,84.09567802
31,17031241200,31,3279,327900,84.03499777
32,17031070600,32,3437,343700,84.09262622
33,17031160502,33,3102,310200,84.13141711
34,17031200401,34,4030,403000,84.39715457
35,17031220701,35,2676,267600,84.46811683
36,17031730600,36,10084,1008400,84.23116937
37,17031260700,37,3290,329000,83.99423122
38,17031291200,38,3278,327800,84.05542096
39,17031841600,39,1583,158300,84.60466811
40,17031841500,40,4310,431000,83.58822843
41,17031030703,41,1970,197000,83.12515975
42,17031030800,42,5664,566400,82.56597054
43,17031030701,43,698,69800,82.23801802
44,17031030702,44,219,21900,80.95229556
45,17031190100,45,3151,315100,84.3509716
46,17031200100,46,5850,585000,84.10669516
47,17031040600,47,3318,331800,83.23917471
48,17031830800,48,3356,335600,83.54295832
49,17031160700,49,7896,789600,84.09140921
50,17031062400,50,1616,161600,84.23252356
51,17031760802,51,61595,6159500,83.01842899
52,17031490901,52,8446,844600,83.85010425
53,17031260400,53,3288,328800,84.043755
54,17031282800,54,1635,163500,84.60088421
55,17031020701,55,5888,588800,83.03057841
56,17031061200,56,1738,173800,84.35275454
57,17031310500,57,1617,161700,84.40805709
58,17031560200,58,6544,654400,83.81493881
59,17031100400,59,9704,970400,83.94294533
60,17031980000,60,190501,19050100,83.23647157
61,17031671900,61,3205,320500,84.59916915
62,17031710100,62,2170,217000,84.67636094
63,17031691300,63,6478,647800,84.77671794
64,17031071600,64,1601,160100,82.77821968
65,17031460400,65,6499,649900,83.79063425
66,17031460500,66,12781,1278100,84.26290972
67,17031480300,67,4152,415200,84.25401284
68,17031081900,68,1381,138100,84.0719427
69,17031431302,69,4368,436800,83.76312465
70,17031241100,70,3315,331500,84.08086521
71,17031243300,71,3269,326900,84.39741896
72,17031490400,72,2384,238400,84.30786993
73,17031500300,73,7106,710600,83.89488546
74,17031242700,74,1756,175600,84.09829275
75,17031839800,75,2678,267800,84.19972021
76,17031842600,76,36767,3676700,84.51357721
77,17031300700,77,3269,326900,84.99924977
78,17031840700,78,5407,540700,84.60080092
79,17031841700,79,2660,266000,84.62960994
80,17031843100,80,10150,1015000,83.04199037
81,17031840800,81,3285,328500,84.41382846
82,17031300800,82,3280,328000,84.82679506
83,17031300900,83,3270,327000,84.72706397
84,17031301600,84,3303,330300,84.589956
85,17031590600,85,3483,348300,84.78681105
86,17031301100,86,2109,210900,84.65139383
87,17031301200,87,4816,481600,84.54615724
88,17031570100,88,15243,1524300,84.79884114
89,17031580300,89,4720,472000,84.6314707
90,17031830500,90,40974,4097400,84.23110414
91,17031841300,91,14134,1413400,84.42813662
92,17031843500,92,20317,2031700,84.03178433
93,17031840400,93,9992,999200,84.7202586
94,17031580700,94,5517,551700,84.5185885
95,17031580100,95,7613,761300,84.69525751
96,17031610300,96,23820,2382000,84.36949763
97,17031580502,97,4941,494100,84.69801173
98,17031839700,98,6308,630800,84.38073631
99,17031840300,99,8329,832900,84.73060978
100,17031611500,100,4852,485200,84.59571213
101,17031580400,101,13135,1313500,84.7961493
102,17031580600,102,4915,491500,84.786819
103,17031580800,103,1822,182200,84.57473673
104,17031580501,104,4922,492200,84.74520387
105,17031834600,105,15615,1561500,84.34081752
106,17031630100,106,5087,508700,84.74627945
107,17031611700,107,3270,327000,84.04325605
108,17031611200,108,3272,327200,84.36877873
109,17031611400,109,3278,327800,84.42805494
110,17031611800,110,3275,327500,84.0203954
111,17031611300,111,3271,327100,84.61431172
112,17031670300,112,3271,327100,84.00180215
113,17031611900,113,6527,652700,83.75634721
114,17031611600,114,3172,317200,84.44630192
115,17031670100,115,3274,327400,84.10857591
116,17031670400,116,3260,326000,84.47023862
117,17031670200,117,3254,325400,84.00828004
118,17031670500,118,6208,620800,84.62143378
119,17031680500,119,3265,326500,83.90529625
120,17031834700,120,6579,657900,83.93337365
121,17031835100,121,10043,1004300,84.89395817
122,17031630400,122,6580,658000,84.78434203
123,17031630800,123,6553,655300,85.26914861
124,17031660302,124,4910,491000,85.03059568
125,17031660400,125,6454,645400,84.77652674
126,17031835000,126,10013,1001300,85.01936305
127,17031660900,127,19695,1969500,83.82511378
128,17031660700,128,4820,482000,84.6312772
129,17031660301,129,1634,163400,85.16606128
130,17031660600,130,6561,656100,85.16372113
131,17031671100,131,2470,247000,84.05170553
132,17031660800,132,6575,657500,85.05799073
133,17031661000,133,11196,1119600,84.83203973
134,17031671400,134,4959,495900,84.33940292
135,17031420500,135,2442,244200,83.30659231
136,17031671500,136,7425,742500,84.26318676
137,17031670800,137,3243,324300,84.246761
138,17031680600,138,3254,325400,83.80113137
139,17031834900,139,6520,652000,83.48509758
140,17031671200,140,2430,243000,84.30605042
141,17031670600,141,3269,326900,84.09836248
142,17031670700,142,3267,326700,84.07492238
143,17031671300,143,4830,483000,84.25583241
144,17031671600,144,4072,407200,84.16523909
145,17031681000,145,6526,652600,83.92746495
146,17031681100,146,6513,651300,84.11501857
147,17031670900,147,3274,327400,84.11273638
148,17031834800,148,5995,599500,83.97589649
149,17031680900,149,10327,1032700,84.17121826
150,17031842800,150,15167,1516700,84.48349056
151,17031630200,151,6358,635800,84.44045492
152,17031611100,152,3263,326300,84.05434864
153,17031630500,153,6562,656200,84.71105154
154,17031420600,154,2443,244300,83.47663744
155,17031390600,155,3210,321000,82.29826004
156,17031836100,156,8619,861900,82.93335621
157,17031400500,157,3264,326400,83.74200367
158,17031400800,158,4929,492900,84.07740052
159,17031351500,159,1674,167400,83.70178817
160,17031400300,160,14630,1463000,82.60275402
161,17031836200,161,8122,812200,82.73675544
162,17031834500,162,4641,464100,84.22801061
163,17031842500,163,10727,1072700,84.5460599
164,17031420300,164,2421,242100,83.50240573
165,17031420200,165,2800,280000,83.01951257
166,17031420400,166,2457,245700,83.23959055
167,17031411100,167,2812,281200,82.51061815
168,17031411200,168,4034,403400,82.42503577
169,17031420100,169,7711,771100,83.19440628
170,17031420700,170,6499,649900,83.9900255
171,17031690500,171,3230,323000,84.90832783
172,17031420800,172,3465,346500,83.77230116
173,17031690300,173,5333,533300,84.53566591
174,17031841800,174,16417,1641700,83.7553409
175,17031690400,175,6507,650700,84.51195921
176,17031380500,176,1895,189500,83.78682011
177,17031843900,177,14879,1487900,82.9132633
178,17031612000,178,3256,325600,83.62736586
179,17031010202,179,3526,352600,80.9026845
180,17031830600,180,6612,661200,81.40987576
181,17031010502,181,1811,181100,79.97021978
182,17031010100,182,3737,373700,79.78375741
183,17031010201,183,5037,503700,80.61024431
184,17031010300,184,4713,471300,79.95741219
185,17031010400,185,5433,543300,79.20100056
186,17031010503,186,1934,193400,80.68071622
187,17031010600,187,4943,494300,80.54877023
188,17031010701,188,4291,429100,80.71590584
189,17031010702,189,3566,356600,81.03038965
190,17031660500,190,6582,658200,84.66326569
191,17031020400,191,5542,554200,81.54222167
192,17031020500,192,7713,771300,80.89653244
193,17031030200,193,6646,664600,80.71383314
194,17031351100,194,3479,347900,83.23808905
195,17031020200,195,12407,1240700,82.80819273
196,17031560800,196,13220,1322000,84.91420005
197,17031630300,197,9849,984900,84.62711457
198,17031560900,198,13115,1311500,84.35839767
199,17031561100,199,13205,1320500,84.84331068
200,17031630900,200,6595,659500,84.97877025
201,17031570500,201,4228,422800,85.04019153
202,17031620200,202,5730,573000,85.02701968
203,17031620300,203,9924,992400,84.64395802
204,17031640300,204,13237,1323700,85.04446355
205,17031640400,205,13345,1334500,84.26192706
206,17031620400,206,6559,655900,84.9438306
207,17031650200,207,9909,990900,85.19383297
208,17031835200,208,9891,989100,84.86162149
209,17031561000,209,13275,1327500,84.57319536
210,17031980100,210,29786,2978600,83.87539769
211,17031570300,211,9789,978900,84.85346563
212,17031620100,212,8363,836300,84.35703068
213,17031650100,213,6725,672500,84.94250378
214,17031640700,214,6524,652400,84.70404162
215,17031650301,215,9877,987700,85.09592209
216,17031390500,216,3290,329000,82.76643123
217,17031640500,217,6552,655200,84.63981315
218,17031640600,218,6526,652600,84.76136415
219,17031650302,219,6624,662400,84.94527508
220,17031081401,220,2801,280100,80.64213347
221,17031170800,221,7274,727400,84.03245002
222,17031171000,222,13921,1392100,84.22911447
223,17031839200,223,6502,650200,83.71035356
224,17031831500,224,9584,958400,83.92971487
225,17031250500,225,20590,2059000,83.97915403
226,17031839500,226,2615,261500,83.50325169
227,17031831600,227,14872,1487200,84.1111893
228,17031250300,228,6178,617800,84.35003096
229,17031191302,229,6333,633300,84.7069237
230,17031191200,230,7039,703900,84.17813994
231,17031191301,231,6757,675700,84.45887246
232,17031250400,232,13061,1306100,84.33046782
233,17031250700,233,6594,659400,84.57888205
234,17031251900,234,6321,632100,84.23174933
235,17031250600,235,6461,646100,84.7280239
236,17031251200,236,6610,661000,84.50913001
237,17031251300,237,6534,653400,84.59249494
238,17031251400,238,6881,688100,84.28501175
239,17031251500,239,6856,685600,84.54058522
240,17031252101,240,8547,854700,83.12487585
241,17031252102,241,6691,669100,84.45784994
242,17031252202,242,6372,637200,84.72761267
243,17031831400,243,21018,2101800,84.39224177
244,17031140601,244,2728,272800,83.86256436
245,17031560100,245,7256,725600,84.43524496
246,17031560300,246,6538,653800,84.53401156
247,17031560400,247,3406,340600,84.50083786
248,17031351400,248,3214,321400,83.5484194
249,17031570200,249,17630,1763000,84.57677625
250,17031570400,250,4617,461700,84.87829149
251,17031340400,251,2901,290100,84.38847475
252,17031839600,252,3276,327600,83.78493504
253,17031340600,253,4759,475900,84.18971977
254,17031350400,254,2020,202000,83.75850538
255,17031380200,255,2147,214700,83.49572563
256,17031835900,256,6477,647700,83.55164697
257,17031841000,257,10572,1057200,83.23986868
258,17031380100,258,4379,437900,83.39791721
259,17031841100,259,11448,1144800,84.55116196
260,17031842000,260,5908,590800,83.52740642
261,17031381200,261,2575,257500,83.51596272
262,17031836000,262,5033,503300,83.64856946
263,17031835700,263,1905,190500,83.9600753
264,17031835600,264,9157,915700,84.21563166
265,17031835500,265,9168,916800,84.24633207
266,17031610800,266,3324,332400,84.26044194
267,17031840000,267,5900,590000,84.21365274
268,17031381900,268,1728,172800,83.07186466
269,17031843600,269,4115,411500,83.16924587
270,17031381400,270,3163,316300,83.74792668
271,17031381500,271,1080,108000,83.80333106
272,17031381800,272,3199,319900,83.80178118
273,17031835800,273,2860,286000,83.72756338
274,17031360200,274,2312,231200,82.24937309
275,17031330100,275,27849,2784900,82.8961681
276,17031350100,276,5661,566100,82.65810593
277,17031351000,277,8187,818700,82.70732808
278,17031836500,278,4675,467500,81.75054633
279,17031390100,279,4820,482000,81.85178323
280,17031390200,280,3024,302400,82.16352452
281,17031836400,281,7987,798700,81.8893228
282,17031390700,282,6119,611900,82.50942601
283,17031836300,283,1372,137200,81.52416572
284,17031410200,284,641,64100,82.3231807
285,17031410700,285,2617,261700,81.55426052
286,17031190701,286,2762,276200,84.47480794
287,17031410900,287,3858,385800,82.1437469
288,17031410600,288,2514,251400,81.09757159
289,17031410800,289,2486,248600,82.68091528
290,17031839000,290,5156,515600,84.2462983
291,17031839100,291,11866,1186600,83.48759685
292,17031320600,292,6106,610600,83.37824748
293,17031241300,293,1638,163800,83.80168987
294,17031320400,294,8041,804100,83.03909353
295,17031240500,295,2347,234700,84.53263153
296,17031832300,296,8399,839900,84.32082576
297,17031832500,297,7812,781200,84.26157698
298,17031240300,298,1680,168000,84.56775747
299,17031831000,299,2799,279900,84.47059564
300,17031842300,300,18934,1893400,84.36371577
301,17031080201,301,1358,135800,82.89924503
302,17031842200,302,15431,1543100,84.24378163
303,17031081800,303,7414,741400,83.95555076
304,17031242400,304,3287,328700,84.20992917
305,17031241500,305,3021,302100,84.6467804
306,17031241400,306,5187,518700,84.56521498
307,17031241600,307,2949,294900,84.46839425
308,17031061100,308,1728,172800,84.42507596
309,17031242000,309,3259,325900,84.1980846
310,17031242100,310,3286,328600,84.36405047
311,17031242200,311,3260,326000,84.47585369
312,17031242300,312,3277,327700,83.98175809
313,17031242900,313,3227,322700,84.42949251
314,17031243000,314,3251,325100,84.1874356
315,17031080202,315,1552,155200,83.0830952
316,17031080400,316,3254,325400,83.00173579
317,17031080100,317,2655,265500,81.12307844
318,17031071500,318,9160,916000,82.39502147
319,17031071800,319,3251,325100,83.62388962
320,17031080300,320,3632,363200,83.88545475
321,17031081000,321,2999,299900,83.94226093
322,17031081100,322,1028,102800,83.61466852
323,17031081201,323,1838,183800,82.5485392
324,17031081202,324,2039,203900,80.81680553
325,17031081300,325,2031,203100,80.68355088
326,17031081500,326,2972,297200,83.19704295
327,17031081600,327,1318,131800,83.19645087
328,17031081700,328,3709,370900,83.07346368
329,17031838300,329,3501,350100,83.67719893
330,17031071700,330,1612,161200,83.31994796
331,17031070500,331,3036,303600,84.29166446
332,17031071000,332,3237,323700,83.96460786
333,17031140400,333,11799,1179900,83.67765467
334,17031140302,334,4222,422200,83.0541963
335,17031140701,335,2264,226400,83.28823295
336,17031160501,336,3450,345000,84.16418822
337,17031140602,337,3845,384500,83.68516758
338,17031140500,338,4508,450800,83.85043703
339,17031140702,339,4272,427200,83.59923136
340,17031140200,340,3951,395100,83.19071771
341,17031140301,341,1621,162100,83.52561769
342,17031230500,342,5275,527500,84.51104571
343,17031160300,343,4261,426100,83.83532591
344,17031160400,344,6580,658000,83.75929733
345,17031160800,345,6577,657700,84.11815111
346,17031711300,346,3484,348400,84.82971563
347,17031160900,347,6568,656800,83.65367946
348,17031210100,348,8547,854700,84.31414811
349,17031220902,349,3300,330000,84.35089665
350,17031831100,350,13144,1314400,84.26378023
351,17031200200,351,8178,817800,84.17582003
352,17031710300,352,3290,329000,84.81557558
353,17031220702,353,5733,573300,84.31793998
354,17031200300,354,2500,250000,84.54451899
355,17031220901,355,2913,291300,84.17678424
356,17031430101,356,3268,326800,83.03239589
357,17031230400,357,3356,335600,84.19556977
358,17031831200,358,5745,574500,84.44341046
359,17031200402,359,3853,385300,84.54892732
360,17031071300,360,3108,310800,82.64252918
361,17031210501,361,3131,313100,84.34196733
362,17031210502,362,3460,346000,84.45425371
363,17031210601,363,2730,273000,84.73301147
364,17031210602,364,3808,380800,84.55612249
365,17031210700,365,4953,495300,84.3975619
366,17031220500,366,3338,333800,83.53881405
367,17031220602,367,4659,465900,84.03898882
368,17031220601,368,1879,187900,83.95594212
369,17031221000,369,2199,219900,84.16416453
370,17031221100,370,4410,441000,83.90060742
371,17031440300,371,12956,1295600,84.57026153
372,17031440600,372,6669,666900,84.24677239
373,17031490300,373,6316,631600,84.39052103
374,17031710900,374,9926,992600,84.71894119
375,17031834000,375,9832,983200,83.81958036
376,17031842400,376,19656,1965600,84.8810464
377,17031490500,377,14244,1424400,83.86338605
378,17031490600,378,6824,682400,84.46929276
379,17031490800,379,10795,1079500,84.24296397
380,17031711500,380,6459,645900,84.29294688
381,17031730100,381,6561,656100,84.46017199
382,17031730500,382,13179,1317900,84.13143649
383,17031710400,383,10009,1000900,85.00246089
384,17031710500,384,7483,748300,85.03897302
385,17031711200,385,11017,1101700,84.67463351
386,17031710600,386,2440,244000,85.49000792
387,17031730300,387,2982,298200,84.44126981
388,17031710700,388,4907,490700,85.26371629
389,17031711100,389,6534,653400,84.95261212
390,17031710800,390,8143,814300,85.28939506
391,17031060300,391,3195,319500,83.9293284
392,17031711000,392,6540,654000,84.80924899
393,17031711400,393,7458,745800,85.05110386
394,17031720100,394,19619,1961900,83.83725607
395,17031730201,395,9978,997800,84.58342898
396,17031730202,396,8715,871500,84.83682412
397,17031720200,397,16720,1672000,84.57981846
398,17031730400,398,12840,1284000,84.38964735
399,17031260500,399,3387,338700,84.2664799
400,17031843400,400,6565,656500,84.67589144
401,17031261000,401,4998,499800,83.8705456
402,17031290900,402,9952,995200,84.0938253
403,17031040401,403,3841,384100,83.42159352
404,17031843000,404,10654,1065400,84.15244745
405,17031260600,405,3168,316800,84.26241263
406,17031040900,406,3208,320800,83.05878317
407,17031260800,407,3294,329400,83.77716367
408,17031270500,408,5609,560900,83.68897451
409,17031260900,409,2274,227400,84.11669216
410,17031271400,410,3297,329700,83.6710776
411,17031271200,411,3281,328100,84.17275735
412,17031271500,412,1620,162000,84.24625666
413,17031151001,413,3296,329600,84.30204955
414,17031271300,414,3268,326800,84.11067851
415,17031838600,415,2442,244200,83.55573071
416,17031837300,416,3671,367100,84.27171762
417,17031661100,417,12980,1298000,84.32379098
418,17031843300,418,5844,584400,84.28323761
419,17031841200,419,6255,625500,84.42816059
420,17031292200,420,3933,393300,84.43422092
421,17031060200,421,3191,319100,83.48250604
422,17031838700,422,6596,659600,84.17418842
423,17031300600,423,3277,327700,84.926717
424,17031292400,424,3294,329400,84.61283922
425,17031031000,425,4225,422500,83.60283341
426,17031292500,426,9813,981300,84.36314121
427,17031841400,427,2456,245600,84.77350188
428,17031640800,428,3253,325300,84.97973543
429,17031030300,429,3147,314700,82.09327046
430,17031650500,430,32416,3241600,84.55942412
431,17031650400,431,10978,1097800,84.49939479
432,17031030603,432,1154,115400,81.82186039
433,17031700200,433,16144,1614400,84.46187538
434,17031030900,434,4078,407800,82.76596975
435,17031030400,435,3448,344800,81.60964052
436,17031030706,436,3847,384700,81.26442998
437,17031031200,437,3258,325800,82.89609989
438,17031031300,438,6314,631400,82.15386526
439,17031030604,439,1819,181900,79.78972591
440,17031031400,440,14870,1487000,82.64381281
441,17031031100,441,5497,549700,83.02090899
442,17031030101,442,1229,122900,80.12820877
443,17031030500,443,6176,617600,81.28216968
444,17031030102,444,1142,114200,79.91466731
445,17031030601,445,1390,139000,80.69118337
446,17031030103,446,875,87500,79.50612254
447,17031151200,447,6561,656100,84.35446605
448,17031150800,448,6600,660000,84.25678032
449,17031190402,449,6537,653700,84.79485808
450,17031062500,450,1620,162000,84.5396154
451,17031151002,451,6377,637700,84.22403952
452,17031151100,452,6603,660300,84.59959816
453,17031161200,453,5174,517400,83.94700525
454,17031190200,454,6598,659800,84.26864242
455,17031190300,455,6605,660500,84.34133184
456,17031831700,456,5324,532400,84.01697923
457,17031161300,457,4964,496400,84.11434392
458,17031210400,458,4207,420700,84.07470734
459,17031191000,459,4344,434400,84.49804051
460,17031190702,460,3846,384600,84.469707
461,17031190602,461,6207,620700,84.73525018
462,17031190800,462,6611,661100,84.4234878
463,17031190900,463,3141,314100,84.27716354
464,17031050800,464,1643,164300,84.51827576
465,17031191100,465,8204,820400,84.32304908
466,17031040800,466,2276,227600,82.83377198
467,17031031900,467,2551,255100,82.91619636
468,17031031800,468,2377,237700,83.54238201
469,17031040201,469,7214,721400,83.31641493
470,17031040402,470,6043,604300,83.25738304
471,17031050100,471,3331,333100,83.77634019
472,17031040700,472,3591,359100,83.02827869
473,17031060500,473,2277,227700,83.63490535
474,17031050200,474,6522,652200,84.08554132
475,17031140800,475,7263,726300,83.21860771
476,17031050300,476,3945,394500,83.66708876
477,17031060100,477,3257,325700,83.43768753
478,17031160602,478,5900,590000,83.35648428
479,17031843700,479,12657,1265700,83.93408513
480,17031060400,480,3249,324900,84.04134767
481,17031210900,481,5725,572500,84.33685029
482,17031830700,482,8660,866000,82.33994261
483,17031031700,483,4768,476800,81.59450347
484,17031831900,484,3246,324600,84.23522445
485,17031051200,485,1654,165400,84.49380838
486,17031050700,486,1628,162800,84.47066906
487,17031050600,487,3318,331800,84.1605784
488,17031062600,488,3283,328300,84.90859477
489,17031062700,489,3254,325400,84.67797676
490,17031051300,490,3229,322900,84.37508733
491,17031050900,491,1619,161900,84.02032362
492,17031051000,492,1667,166700,84.07077306
493,17031050500,493,6521,652100,83.87774647
494,17031110300,494,12123,1212300,84.2969862
495,17031110400,495,9338,933800,84.34846897
496,17031150200,496,13247,1324700,83.78874127
497,17031150501,497,6977,697700,83.97171004
498,17031150300,498,13243,1324300,83.54898627
499,17031150401,499,7373,737300,84.19721639
500,17031020802,500,6429,642900,82.97146685
501,17031171100,501,6655,665500,84.04682632
502,17031150402,502,6615,661500,84.2193042
503,17031150502,503,6829,682900,84.06813395
504,17031832100,504,2226,222600,83.60376478
505,17031150600,505,6551,655100,84.16640653
506,17031150700,506,6635,663500,84.38641806
507,17031170100,507,10067,1006700,83.11458007
508,17031170200,508,6520,652000,84.20381535
509,17031170700,509,5791,579100,84.28930567
510,17031170600,510,5679,567900,83.92514662
511,17031160601,511,3281,328100,83.53597028
512,17031170300,512,13983,1398300,83.7129304
513,17031170400,513,7699,769900,84.22258226
514,17031530502,514,7350,735000,84.17437313
515,17031170500,515,15376,1537600,83.6250545
516,17031770902,516,392,39200,84.16649511
517,17031040300,517,7672,767200,82.97677262
518,17031140100,518,2865,286500,83.17093881
519,17031831800,519,19024,1902400,82.93140065
520,17031220400,520,3287,328700,83.96580471
521,17031210800,521,1633,163300,84.13156425
522,17031220300,522,3271,327100,84.0317185
523,17031830900,523,10328,1032800,84.46679563
524,17031161100,524,5759,575900,83.56674976
525,17031310800,525,3315,331500,84.42847714
526,17031161000,526,4262,426200,83.5279304
527,17031190401,527,6544,654400,84.54015356
528,17031190601,528,6910,691000,83.81113475
529,17031020801,529,6531,653100,82.07229921
530,17031491300,530,6470,647000,84.14777275
531,17031491200,531,6483,648300,84.48951214
532,17031530100,532,6505,650500,84.17577721
533,17031020901,533,4876,487600,81.84245733
534,17031491400,534,8281,828100,84.10920395
535,17031491000,535,12763,1276300,84.09046221
536,17031490700,536,6381,638100,84.07597301
537,17031490902,537,11955,1195500,84.25632095
538,17031491100,538,13238,1323800,84.16586947
539,17031260200,539,3262,326200,83.86836271
540,17031530200,540,12952,1295200,84.07456049
541,17031730700,541,9848,984800,83.97262371
542,17031251700,542,4854,485400,84.19290909
543,17031750100,543,12847,1284700,84.22820291
544,17031750600,544,13153,1315300,84.16435947
545,17031070102,545,1249,124900,83.70995079
546,17031530300,546,13087,1308700,84.42667172
547,17031530400,547,13118,1311800,84.43434364
548,17031251000,548,4678,467800,84.60753909
549,17031530501,549,12961,1296100,84.2043496
550,17031530503,550,16162,1616200,84.23619925
551,17031020902,551,5023,502300,82.4012255
552,17031750500,552,26316,2631600,84.18678155
553,17031750200,553,13096,1309600,84.4032716
554,17031821402,554,154,15400,84.31541265
555,17031720700,555,10488,1048800,84.32080209
556,17031061800,556,831,83100,83.04292778
557,17031231500,557,9981,998100,83.6954037
558,17031260100,558,3251,325100,83.76499575
559,17031260300,559,3299,329900,83.95290558
560,17031836700,560,12282,1228200,84.24568111
561,17031837100,561,7417,741700,84.17612706
562,17031251600,562,4810,481000,84.49522935
563,17031842100,563,20310,2031000,84.12001218
564,17031833000,564,13115,1311500,84.70154604
565,17031251800,565,10000,1000000,84.56968699
566,17031836800,566,8175,817500,83.4161827
567,17031280800,567,2380,238000,84.07696095
568,17031282700,568,4401,440100,84.60598625
569,17031271800,569,2078,207800,83.95593069
570,17031837000,570,4123,412300,84.13377343
571,17031836900,571,1658,165800,83.76078959
572,17031837400,572,5922,592200,84.10370957
573,17031310700,573,1603,160300,84.39928386
574,17031283100,574,2115,211500,83.97792854
575,17031063100,575,1608,160800,83.71204002
576,17031832900,576,3998,399800,84.17547577
577,17031838000,577,5380,538000,84.55896612
578,17031310600,578,5438,543800,84.47165088
579,17031310900,579,4852,485200,84.46944418
580,17031833300,580,4790,479000,84.18148338
581,17031130300,581,7215,721500,82.78011531
582,17031833100,582,9235,923500,84.55774114
583,17031283200,583,2379,237900,83.97121452
584,17031838100,584,8194,819400,84.40078895
585,17031838200,585,11570,1157000,84.34490432
586,17031842900,586,22068,2206800,84.26057896
587,17031040100,587,20011,2001100,81.96323171
588,17031040202,588,5893,589300,82.73998125
589,17031020702,589,7065,706500,83.07449952
590,17031060900,590,4991,499100,82.29815454
591,17031061901,591,1609,160900,83.65321849
592,17031063400,592,1586,158600,84.07263592
593,17031062800,593,3250,325000,84.54604599
594,17031061902,594,2729,272900,82.57877748
595,17031062000,595,2236,223600,83.71187108
596,17031062100,596,2444,244400,84.38840388
597,17031062200,597,2422,242200,84.56074221
598,17031062900,598,3260,326000,84.43770481
599,17031063000,599,3224,322400,84.59477534
600,17031063200,600,3664,366400,82.66906715
601,17031063302,601,1212,121200,82.01341168
602,17031063303,602,2357,235700,82.0132108
603,17031070101,603,5666,566600,82.7922073
604,17031070200,604,3404,340400,83.93619973
605,17031070300,605,3255,325500,84.19065322
606,17031070400,606,3238,323800,83.84772684
607,17031832000,607,1684,168400,84.38880259
608,17031061000,608,1730,173000,83.90766737
609,17031061500,609,1633,163300,84.55041182
610,17031063301,610,937,93700,83.36514693
611,17031062300,611,1630,163000,84.44812667
612,17031310400,612,1228,122800,84.37569943
613,17031283800,613,3743,374300,84.33899314
614,17031281900,614,4389,438900,84.80299576
615,17031071100,615,3254,325400,83.32883288
616,17031310200,616,3211,321100,84.53655476
617,17031310300,617,3187,318700,84.27689696
618,17031600600,618,4061,406100,84.56092789
619,17031841900,619,25619,2561900,84.67400098
620,17031600700,620,4857,485700,84.39318579
621,17031843200,621,30903,3090300,84.5819021
622,17031840200,622,8615,861500,84.23317183
623,17031130100,623,18354,1835400,83.02579203
624,17031020602,624,4921,492100,81.99255778
625,17031020301,625,8267,826700,82.89440839
626,17031020302,626,6398,639800,82.32044439
627,17031020601,627,5896,589600,82.9239846
628,17031300500,628,2712,271200,84.49213154
629,17031301803,629,3479,347900,84.85310484
630,17031301801,630,6955,695500,84.59742734
631,17031301701,631,3297,329700,85.15104699
632,17031301702,632,3312,331200,84.76822753
633,17031301802,633,3440,344000,84.7774012
634,17031100100,634,11794,1179400,83.82155252
635,17031100200,635,20909,2090900,83.59370268
636,17031672000,636,9929,992900,84.48667744
637,17031100600,637,12874,1287400,84.31530983
638,17031100700,638,12093,1209300,84.17755945
639,17031222900,639,2207,220700,84.06990197
640,17031110100,640,18400,1840000,83.52649118
641,17031032100,641,4311,431100,82.99161864
642,17031120100,642,27792,2779200,82.75893113
643,17031031502,643,1640,164000,82.71557127
644,17031120200,644,23855,2385500,83.27867977
645,17031090300,645,4764,476400,83.71786348
646,17031090200,646,15283,1528300,83.71140391
647,17031100300,647,22821,2282100,83.16654678
648,17031100500,648,19487,1948700,83.83155661
649,17031060800,649,1804,180400,82.95008856
650,17031760801,650,13011,1301100,83.94937687
651,17031760803,651,7585,758500,83.59195135
652,17031031501,652,1590,159000,83.10749434
653,17031810400,653,3778,377800,84.1582175
654,17031700301,654,12748,1274800,84.4421036
655,17031770602,655,7143,714300,82.49349517
656,17031090100,656,9305,930500,84.08806522
657,17031700100,657,23129,2312900,84.86213861
658,17031700402,658,11496,1149600,84.2621639
659,17031710200,659,7418,741800,84.76838074
660,17031700302,660,13175,1317500,85.03983419
661,17031700401,661,14813,1481300,84.55259695
662,17031440201,662,5314,531400,84.65091587
663,17031700501,663,16676,1667600,84.44168501
664,17031700502,664,17222,1722200,84.15532363
665,17031440700,665,3272,327200,84.42882928
666,17031691200,666,10112,1011200,84.7634995
667,17031671800,667,3243,324300,84.5000941
668,17031681400,668,6453,645300,84.40645378
669,17031681300,669,7161,716100,83.81076903
670,17031690900,670,6560,656000,84.79450704
671,17031691500,671,6759,675900,83.99994064
672,17031440101,672,3764,376400,83.97237393
673,17031440102,673,6266,626600,83.71111009
674,17031440202,674,7812,781200,84.124184
675,17031430200,675,6612,661200,83.59508027
676,17031440900,676,7421,742100,84.16719354
677,17031691400,677,6559,655900,84.5725255
678,17031681200,678,7739,773900,83.96102168
679,17031691100,679,6756,675600,84.53436249
680,17031691000,680,6479,647900,84.67058696
681,17031411000,681,7630,763000,82.43175302
682,17031430102,682,4493,449300,82.09047129
683,17031430300,683,4022,402200,83.86419599
684,17031430800,684,3271,327100,84.25198156
685,17031430700,685,1880,188000,82.54240506
686,17031430400,686,5463,546300,84.54260599
687,17031430900,687,3380,338000,84.55070446
688,17031430500,688,3432,343200,84.70920676
689,17031430600,689,3323,332300,83.77400589
690,17031834200,690,9766,976600,84.80387952
691,17031834300,691,19100,1910000,84.09926695
692,17031071200,692,3236,323600,82.97788008
693,17031071400,693,6390,639000,82.25212081
694,17031070103,694,691,69100,83.08981111
695,17031431200,695,6546,654600,84.22018529
696,17031500100,696,26498,2649800,83.11824603
697,17031450300,697,13646,1364600,84.25781754
698,17031440800,698,2788,278800,84.13257354
699,17031081403,699,3627,362700,82.0535367
700,17031470100,700,15884,1588400,83.93125665
701,17031480200,701,2857,285700,84.37629276
702,17031480100,702,6600,660000,84.12680463
703,17031480500,703,13632,1363200,84.23060045
704,17031510300,704,27871,2787100,84.04622045
705,17031222800,705,1099,109900,84.27162665
706,17031480400,706,18083,1808300,84.20081172
707,17031500200,707,20399,2039900,83.24228452
708,17031460600,708,2599,259900,83.60554185
709,17031838800,709,175888,17588800,83.61994237
710,17031280100,710,5948,594800,83.95332357
711,17031320100,711,9049,904900,82.50064415
712,17031081402,712,5815,581500,80.28332826
713,17031431301,713,4042,404200,83.80257019
714,17031431400,714,10596,1059600,82.78895342
715,17031240600,715,1616,161600,84.28347967
716,17031460100,716,29662,2966200,83.22541348
717,17031460302,717,6482,648200,83.5955183
718,17031222600,718,1610,161000,83.68611816
719,17031460200,719,6008,600800,83.64664274
720,17031460301,720,4852,485200,83.16317659
721,17031461000,721,5695,569500,84.46226219
722,17031051100,722,1614,161400,84.88142237
723,17031460700,723,4211,421100,83.95584885
724,17031833900,724,6796,679600,84.07841679
725,17031510200,725,12795,1279500,84.13308728
726,17031110501,726,7917,791700,83.99645988
727,17031120400,727,10631,1063100,83.5513818
728,17031120300,728,20545,2054500,83.56760719
729,17031160200,729,9576,957600,83.95952943
730,17031241000,730,2053,205300,84.05153657
731,17031130200,731,20789,2078900,83.61123233
732,17031160100,732,5936,593600,83.56198469
733,17031221200,733,3297,329700,83.52483986
734,17031051400,734,3583,358300,84.13133531
735,17031070700,735,6853,685300,84.22816932
736,17031222500,736,1597,159700,84.18652192
737,17031221300,737,3281,328100,83.89181853
738,17031221600,738,3274,327400,84.34682608
739,17031222200,739,2310,231000,84.25278147
740,17031832200,740,3979,397900,84.62300398
741,17031832400,741,3234,323400,84.37171153
742,17031221500,742,3060,306000,84.38118751
743,17031222700,743,2247,224700,84.13885622
744,17031230100,744,1677,167700,83.54406877
745,17031240700,745,1676,167600,84.14971421
746,17031240800,746,1680,168000,83.94997517
747,17031231100,747,1756,175600,84.04170945
748,17031221400,748,3553,355300,84.35609929
749,17031240900,749,9950,995000,83.06539234
750,17031242800,750,4432,443200,84.69263831
751,17031242500,751,3100,310000,84.28720952
752,17031242600,752,4740,474000,83.95232262
753,17031243100,753,3230,323000,84.17451262
754,17031243200,754,3241,324100,84.11554303
755,17031243400,755,3293,329300,84.39418136
756,17031720500,756,10389,1038900,84.21079449
757,17031243500,757,6547,654700,84.43196288
758,17031750300,758,6611,661100,84.6072688
759,17031720600,759,5830,583000,84.70662616
760,17031720300,760,12645,1264500,84.6923158
761,17031720400,761,6657,665700,84.38512467
762,17031740100,762,8887,888700,84.67910275
763,17031823304,763,3888,388800,83.98028783
764,17031831300,764,5758,575800,84.52212486
765,17031740200,765,19608,1960800,84.52575492
766,17031740300,766,13211,1321100,84.50534995
767,17031250800,767,5729,572900,84.41893854
768,17031740400,768,28002,2800200,83.65357395
769,17031750400,769,9922,992200,84.43202706
770,17031540102,770,52797,5279700,83.81165186
771,17031251100,771,4938,493800,84.76540023
772,17031550200,772,52748,5274800,84.13080402
773,17031530600,773,10305,1030500,84.37071998
774,17031540101,774,34809,3480900,83.73930337
775,17031250200,775,4980,498000,84.50722504
776,17031230600,776,10123,1012300,84.50977388
777,17031231200,777,6590,659000,84.28651804
778,17031230700,778,6446,644600,84.41039153
779,17031836600,779,6373,637300,83.83245186
780,17031280400,780,5012,501200,83.99344433
781,17031340300,781,2134,213400,84.39793859
782,17031837800,782,10028,1002800,84.33250367
783,17031280900,783,1136,113600,84.56070582
784,17031520200,784,11241,1124100,84.06766721
785,17031510100,785,21704,2170400,84.05914117
786,17031520300,786,9564,956400,84.68845012
787,17031520600,787,10884,1088400,83.88851008
788,17031550100,788,63581,6358100,83.65143526
789,17031520500,789,10497,1049700,84.18556268
790,17031520100,790,25692,2569200,82.91512355
791,17031520400,791,7250,725000,84.86036946
792,17031840100,792,3346,334600,84.45652546
793,17031839900,793,11674,1167400,84.55566046
794,17031600400,794,3264,326400,84.38422127
795,17031600900,795,3802,380200,84.64879321
796,17031230200,796,2134,213400,84.0730501
797,17031230300,797,1082,108200,84.25739108
798,17031230800,798,2031,203100,83.98066471
799,17031230900,799,4508,450800,83.69294262
800,17031110200,800,5955,595500,84.63758846
801,17031110502,801,6510,651000,84.06811452
